Date,inflation_rate,hicp_index_2025_100,calculation,source_series,source_url
2000-01-01,2.2569,58.9,YoY % from HICP index vs same month previous year,FRED CP0000ITM086NEST / Eurostat HICP Italy all-items,https://fred.stlouisfed.org/series/CP0000ITM086NEST
2000-02-01,2.4263,59.1,YoY % from HICP index vs same month previous year,FRED CP0000ITM086NEST / Eurostat HICP Italy all-items,https://fred.stlouisfed.org/series/CP0000ITM086NEST
2000-03-01,2.5952,59.3,YoY % from HICP index vs same month previous year,FRED CP0000ITM086NEST / Eurostat HICP Italy all-items,https://fred.stlouisfed.org/series/CP0000ITM086NEST
2000-04-01,2.2414,59.3,YoY % from HICP index vs same month previous year,FRED CP0000ITM086NEST / Eurostat HICP Italy all-items,https://fred.stlouisfed.org/series/CP0000ITM086NEST
2000-05-01,2.5818,59.6,YoY % from HICP index vs same month previous year,FRED CP0000ITM086NEST / Eurostat HICP Italy all-items,https://fred.stlouisfed.org/series/CP0000ITM086NEST
2000-06-01,2.7539,59.7,YoY % from HICP index vs same month previous year,FRED CP0000ITM086NEST / Eurostat HICP Italy all-items,https://fred.stlouisfed.org/series/CP0000ITM086NEST
2000-07-01,2.5729,59.8,YoY % from HICP index vs same month previous year,FRED CP0000ITM086NEST / Eurostat HICP Italy all-items,https://fred.stlouisfed.org/series/CP0000ITM086NEST
2000-08-01,2.5729,59.8,YoY % from HICP index vs same month previous year,FRED CP0000ITM086NEST / Eurostat HICP Italy all-items,https://fred.stlouisfed.org/series/CP0000ITM086NEST
2000-09-01,2.5641,60.0,YoY % from HICP index vs same month previous year,FRED CP0000ITM086NEST / Eurostat HICP Italy all-items,https://fred.stlouisfed.org/series/CP0000ITM086NEST
2000-10-01,2.7304,60.2,YoY % from HICP index vs same month previous year,FRED CP0000ITM086NEST / Eurostat HICP Italy all-items,https://fred.stlouisfed.org/series/CP0000ITM086NEST
2000-11-01,2.8961,60.4,YoY % from HICP index vs same month previous year,FRED CP0000ITM086NEST / Eurostat HICP Italy all-items,https://fred.stlouisfed.org/series/CP0000ITM086NEST
2000-12-01,2.7211,60.4,YoY % from HICP index vs same month previous year,FRED CP0000ITM086NEST / Eurostat HICP Italy all-items,https://fred.stlouisfed.org/series/CP0000ITM086NEST
2001-01-01,2.3769,60.3,YoY % from HICP index vs same month previous year,FRED CP0000ITM086NEST / Eurostat HICP Italy all-items,https://fred.stlouisfed.org/series/CP0000ITM086NEST
2001-02-01,1.5228,60.0,YoY % from HICP index vs same month previous year,FRED CP0000ITM086NEST / Eurostat HICP Italy all-items,https://fred.stlouisfed.org/series/CP0000ITM086NEST
2001-03-01,2.1922,60.6,YoY % from HICP index vs same month previous year,FRED CP0000ITM086NEST / Eurostat HICP Italy all-items,https://fred.stlouisfed.org/series/CP0000ITM086NEST
2001-04-01,2.8668,61.0,YoY % from HICP index vs same month previous year,FRED CP0000ITM086NEST / Eurostat HICP Italy all-items,https://fred.stlouisfed.org/series/CP0000ITM086NEST
2001-05-01,2.8523,61.3,YoY % from HICP index vs same month previous year,FRED CP0000ITM086NEST / Eurostat HICP Italy all-items,https://fred.stlouisfed.org/series/CP0000ITM086NEST
2001-06-01,2.8476,61.4,YoY % from HICP index vs same month previous year,FRED CP0000ITM086NEST / Eurostat HICP Italy all-items,https://fred.stlouisfed.org/series/CP0000ITM086NEST
2001-07-01,2.5084,61.3,YoY % from HICP index vs same month previous year,FRED CP0000ITM086NEST / Eurostat HICP Italy all-items,https://fred.stlouisfed.org/series/CP0000ITM086NEST
2001-08-01,2.0067,61.0,YoY % from HICP index vs same month previous year,FRED CP0000ITM086NEST / Eurostat HICP Italy all-items,https://fred.stlouisfed.org/series/CP0000ITM086NEST
2001-09-01,2.1667,61.3,YoY % from HICP index vs same month previous year,FRED CP0000ITM086NEST / Eurostat HICP Italy all-items,https://fred.stlouisfed.org/series/CP0000ITM086NEST
2001-10-01,2.3256,61.6,YoY % from HICP index vs same month previous year,FRED CP0000ITM086NEST / Eurostat HICP Italy all-items,https://fred.stlouisfed.org/series/CP0000ITM086NEST
2001-11-01,2.1523,61.7,YoY % from HICP index vs same month previous year,FRED CP0000ITM086NEST / Eurostat HICP Italy all-items,https://fred.stlouisfed.org/series/CP0000ITM086NEST
2001-12-01,2.3179,61.8,YoY % from HICP index vs same month previous year,FRED CP0000ITM086NEST / Eurostat HICP Italy all-items,https://fred.stlouisfed.org/series/CP0000ITM086NEST
2002-01-01,2.3217,61.7,YoY % from HICP index vs same month previous year,FRED CP0000ITM086NEST / Eurostat HICP Italy all-items,https://fred.stlouisfed.org/series/CP0000ITM086NEST
2002-02-01,2.6667,61.6,YoY % from HICP index vs same month previous year,FRED CP0000ITM086NEST / Eurostat HICP Italy all-items,https://fred.stlouisfed.org/series/CP0000ITM086NEST
2002-03-01,2.4752,62.1,YoY % from HICP index vs same month previous year,FRED CP0000ITM086NEST / Eurostat HICP Italy all-items,https://fred.stlouisfed.org/series/CP0000ITM086NEST
2002-04-01,2.6230,62.6,YoY % from HICP index vs same month previous year,FRED CP0000ITM086NEST / Eurostat HICP Italy all-items,https://fred.stlouisfed.org/series/CP0000ITM086NEST
2002-05-01,2.4470,62.8,YoY % from HICP index vs same month previous year,FRED CP0000ITM086NEST / Eurostat HICP Italy all-items,https://fred.stlouisfed.org/series/CP0000ITM086NEST
2002-06-01,2.2801,62.8,YoY % from HICP index vs same month previous year,FRED CP0000ITM086NEST / Eurostat HICP Italy all-items,https://fred.stlouisfed.org/series/CP0000ITM086NEST
2002-07-01,2.4470,62.8,YoY % from HICP index vs same month previous year,FRED CP0000ITM086NEST / Eurostat HICP Italy all-items,https://fred.stlouisfed.org/series/CP0000ITM086NEST
2002-08-01,2.6230,62.6,YoY % from HICP index vs same month previous year,FRED CP0000ITM086NEST / Eurostat HICP Italy all-items,https://fred.stlouisfed.org/series/CP0000ITM086NEST
2002-09-01,2.7732,63.0,YoY % from HICP index vs same month previous year,FRED CP0000ITM086NEST / Eurostat HICP Italy all-items,https://fred.stlouisfed.org/series/CP0000ITM086NEST
2002-10-01,2.7597,63.3,YoY % from HICP index vs same month previous year,FRED CP0000ITM086NEST / Eurostat HICP Italy all-items,https://fred.stlouisfed.org/series/CP0000ITM086NEST
2002-11-01,2.9173,63.5,YoY % from HICP index vs same month previous year,FRED CP0000ITM086NEST / Eurostat HICP Italy all-items,https://fred.stlouisfed.org/series/CP0000ITM086NEST
2002-12-01,2.9126,63.6,YoY % from HICP index vs same month previous year,FRED CP0000ITM086NEST / Eurostat HICP Italy all-items,https://fred.stlouisfed.org/series/CP0000ITM086NEST
2003-01-01,2.9173,63.5,YoY % from HICP index vs same month previous year,FRED CP0000ITM086NEST / Eurostat HICP Italy all-items,https://fred.stlouisfed.org/series/CP0000ITM086NEST
2003-02-01,2.5974,63.2,YoY % from HICP index vs same month previous year,FRED CP0000ITM086NEST / Eurostat HICP Italy all-items,https://fred.stlouisfed.org/series/CP0000ITM086NEST
2003-03-01,3.0596,64.0,YoY % from HICP index vs same month previous year,FRED CP0000ITM086NEST / Eurostat HICP Italy all-items,https://fred.stlouisfed.org/series/CP0000ITM086NEST
2003-04-01,3.0351,64.5,YoY % from HICP index vs same month previous year,FRED CP0000ITM086NEST / Eurostat HICP Italy all-items,https://fred.stlouisfed.org/series/CP0000ITM086NEST
2003-05-01,2.8662,64.6,YoY % from HICP index vs same month previous year,FRED CP0000ITM086NEST / Eurostat HICP Italy all-items,https://fred.stlouisfed.org/series/CP0000ITM086NEST
2003-06-01,2.8662,64.6,YoY % from HICP index vs same month previous year,FRED CP0000ITM086NEST / Eurostat HICP Italy all-items,https://fred.stlouisfed.org/series/CP0000ITM086NEST
2003-07-01,2.8662,64.6,YoY % from HICP index vs same month previous year,FRED CP0000ITM086NEST / Eurostat HICP Italy all-items,https://fred.stlouisfed.org/series/CP0000ITM086NEST
2003-08-01,2.7157,64.3,YoY % from HICP index vs same month previous year,FRED CP0000ITM086NEST / Eurostat HICP Italy all-items,https://fred.stlouisfed.org/series/CP0000ITM086NEST
2003-09-01,2.8571,64.8,YoY % from HICP index vs same month previous year,FRED CP0000ITM086NEST / Eurostat HICP Italy all-items,https://fred.stlouisfed.org/series/CP0000ITM086NEST
2003-10-01,2.8436,65.1,YoY % from HICP index vs same month previous year,FRED CP0000ITM086NEST / Eurostat HICP Italy all-items,https://fred.stlouisfed.org/series/CP0000ITM086NEST
2003-11-01,2.6772,65.2,YoY % from HICP index vs same month previous year,FRED CP0000ITM086NEST / Eurostat HICP Italy all-items,https://fred.stlouisfed.org/series/CP0000ITM086NEST
2003-12-01,2.5157,65.2,YoY % from HICP index vs same month previous year,FRED CP0000ITM086NEST / Eurostat HICP Italy all-items,https://fred.stlouisfed.org/series/CP0000ITM086NEST
2004-01-01,2.0472,64.8,YoY % from HICP index vs same month previous year,FRED CP0000ITM086NEST / Eurostat HICP Italy all-items,https://fred.stlouisfed.org/series/CP0000ITM086NEST
2004-02-01,2.3734,64.7,YoY % from HICP index vs same month previous year,FRED CP0000ITM086NEST / Eurostat HICP Italy all-items,https://fred.stlouisfed.org/series/CP0000ITM086NEST
2004-03-01,2.3438,65.5,YoY % from HICP index vs same month previous year,FRED CP0000ITM086NEST / Eurostat HICP Italy all-items,https://fred.stlouisfed.org/series/CP0000ITM086NEST
2004-04-01,2.1705,65.9,YoY % from HICP index vs same month previous year,FRED CP0000ITM086NEST / Eurostat HICP Italy all-items,https://fred.stlouisfed.org/series/CP0000ITM086NEST
2004-05-01,2.3220,66.1,YoY % from HICP index vs same month previous year,FRED CP0000ITM086NEST / Eurostat HICP Italy all-items,https://fred.stlouisfed.org/series/CP0000ITM086NEST
2004-06-01,2.4768,66.2,YoY % from HICP index vs same month previous year,FRED CP0000ITM086NEST / Eurostat HICP Italy all-items,https://fred.stlouisfed.org/series/CP0000ITM086NEST
2004-07-01,2.1672,66.0,YoY % from HICP index vs same month previous year,FRED CP0000ITM086NEST / Eurostat HICP Italy all-items,https://fred.stlouisfed.org/series/CP0000ITM086NEST
2004-08-01,2.4883,65.9,YoY % from HICP index vs same month previous year,FRED CP0000ITM086NEST / Eurostat HICP Italy all-items,https://fred.stlouisfed.org/series/CP0000ITM086NEST
2004-09-01,2.1605,66.2,YoY % from HICP index vs same month previous year,FRED CP0000ITM086NEST / Eurostat HICP Italy all-items,https://fred.stlouisfed.org/series/CP0000ITM086NEST
2004-10-01,1.9969,66.4,YoY % from HICP index vs same month previous year,FRED CP0000ITM086NEST / Eurostat HICP Italy all-items,https://fred.stlouisfed.org/series/CP0000ITM086NEST
2004-11-01,2.1472,66.6,YoY % from HICP index vs same month previous year,FRED CP0000ITM086NEST / Eurostat HICP Italy all-items,https://fred.stlouisfed.org/series/CP0000ITM086NEST
2004-12-01,2.4540,66.8,YoY % from HICP index vs same month previous year,FRED CP0000ITM086NEST / Eurostat HICP Italy all-items,https://fred.stlouisfed.org/series/CP0000ITM086NEST
2005-01-01,2.0062,66.1,YoY % from HICP index vs same month previous year,FRED CP0000ITM086NEST / Eurostat HICP Italy all-items,https://fred.stlouisfed.org/series/CP0000ITM086NEST
2005-02-01,2.1638,66.1,YoY % from HICP index vs same month previous year,FRED CP0000ITM086NEST / Eurostat HICP Italy all-items,https://fred.stlouisfed.org/series/CP0000ITM086NEST
2005-03-01,1.9847,66.8,YoY % from HICP index vs same month previous year,FRED CP0000ITM086NEST / Eurostat HICP Italy all-items,https://fred.stlouisfed.org/series/CP0000ITM086NEST
2005-04-01,2.2762,67.4,YoY % from HICP index vs same month previous year,FRED CP0000ITM086NEST / Eurostat HICP Italy all-items,https://fred.stlouisfed.org/series/CP0000ITM086NEST
2005-05-01,2.2693,67.6,YoY % from HICP index vs same month previous year,FRED CP0000ITM086NEST / Eurostat HICP Italy all-items,https://fred.stlouisfed.org/series/CP0000ITM086NEST
2005-06-01,2.1148,67.6,YoY % from HICP index vs same month previous year,FRED CP0000ITM086NEST / Eurostat HICP Italy all-items,https://fred.stlouisfed.org/series/CP0000ITM086NEST
2005-07-01,2.1212,67.4,YoY % from HICP index vs same month previous year,FRED CP0000ITM086NEST / Eurostat HICP Italy all-items,https://fred.stlouisfed.org/series/CP0000ITM086NEST
2005-08-01,2.1244,67.3,YoY % from HICP index vs same month previous year,FRED CP0000ITM086NEST / Eurostat HICP Italy all-items,https://fred.stlouisfed.org/series/CP0000ITM086NEST
2005-09-01,2.2659,67.7,YoY % from HICP index vs same month previous year,FRED CP0000ITM086NEST / Eurostat HICP Italy all-items,https://fred.stlouisfed.org/series/CP0000ITM086NEST
2005-10-01,2.7108,68.2,YoY % from HICP index vs same month previous year,FRED CP0000ITM086NEST / Eurostat HICP Italy all-items,https://fred.stlouisfed.org/series/CP0000ITM086NEST
2005-11-01,2.4024,68.2,YoY % from HICP index vs same month previous year,FRED CP0000ITM086NEST / Eurostat HICP Italy all-items,https://fred.stlouisfed.org/series/CP0000ITM086NEST
2005-12-01,2.0958,68.2,YoY % from HICP index vs same month previous year,FRED CP0000ITM086NEST / Eurostat HICP Italy all-items,https://fred.stlouisfed.org/series/CP0000ITM086NEST
2006-01-01,2.2693,67.6,YoY % from HICP index vs same month previous year,FRED CP0000ITM086NEST / Eurostat HICP Italy all-items,https://fred.stlouisfed.org/series/CP0000ITM086NEST
2006-02-01,2.1180,67.5,YoY % from HICP index vs same month previous year,FRED CP0000ITM086NEST / Eurostat HICP Italy all-items,https://fred.stlouisfed.org/series/CP0000ITM086NEST
2006-03-01,2.2455,68.3,YoY % from HICP index vs same month previous year,FRED CP0000ITM086NEST / Eurostat HICP Italy all-items,https://fred.stlouisfed.org/series/CP0000ITM086NEST
2006-04-01,2.2255,68.9,YoY % from HICP index vs same month previous year,FRED CP0000ITM086NEST / Eurostat HICP Italy all-items,https://fred.stlouisfed.org/series/CP0000ITM086NEST
2006-05-01,2.2189,69.1,YoY % from HICP index vs same month previous year,FRED CP0000ITM086NEST / Eurostat HICP Italy all-items,https://fred.stlouisfed.org/series/CP0000ITM086NEST
2006-06-01,2.3669,69.2,YoY % from HICP index vs same month previous year,FRED CP0000ITM086NEST / Eurostat HICP Italy all-items,https://fred.stlouisfed.org/series/CP0000ITM086NEST
2006-07-01,2.3739,69.0,YoY % from HICP index vs same month previous year,FRED CP0000ITM086NEST / Eurostat HICP Italy all-items,https://fred.stlouisfed.org/series/CP0000ITM086NEST
2006-08-01,2.3774,68.9,YoY % from HICP index vs same month previous year,FRED CP0000ITM086NEST / Eurostat HICP Italy all-items,https://fred.stlouisfed.org/series/CP0000ITM086NEST
2006-09-01,2.3634,69.3,YoY % from HICP index vs same month previous year,FRED CP0000ITM086NEST / Eurostat HICP Italy all-items,https://fred.stlouisfed.org/series/CP0000ITM086NEST
2006-10-01,1.9062,69.5,YoY % from HICP index vs same month previous year,FRED CP0000ITM086NEST / Eurostat HICP Italy all-items,https://fred.stlouisfed.org/series/CP0000ITM086NEST
2006-11-01,1.9062,69.5,YoY % from HICP index vs same month previous year,FRED CP0000ITM086NEST / Eurostat HICP Italy all-items,https://fred.stlouisfed.org/series/CP0000ITM086NEST
2006-12-01,2.0528,69.6,YoY % from HICP index vs same month previous year,FRED CP0000ITM086NEST / Eurostat HICP Italy all-items,https://fred.stlouisfed.org/series/CP0000ITM086NEST
2007-01-01,1.9231,68.9,YoY % from HICP index vs same month previous year,FRED CP0000ITM086NEST / Eurostat HICP Italy all-items,https://fred.stlouisfed.org/series/CP0000ITM086NEST
2007-02-01,2.0741,68.9,YoY % from HICP index vs same month previous year,FRED CP0000ITM086NEST / Eurostat HICP Italy all-items,https://fred.stlouisfed.org/series/CP0000ITM086NEST
2007-03-01,2.0498,69.7,YoY % from HICP index vs same month previous year,FRED CP0000ITM086NEST / Eurostat HICP Italy all-items,https://fred.stlouisfed.org/series/CP0000ITM086NEST
2007-04-01,1.7417,70.1,YoY % from HICP index vs same month previous year,FRED CP0000ITM086NEST / Eurostat HICP Italy all-items,https://fred.stlouisfed.org/series/CP0000ITM086NEST
2007-05-01,1.8813,70.4,YoY % from HICP index vs same month previous year,FRED CP0000ITM086NEST / Eurostat HICP Italy all-items,https://fred.stlouisfed.org/series/CP0000ITM086NEST
2007-06-01,2.0231,70.6,YoY % from HICP index vs same month previous year,FRED CP0000ITM086NEST / Eurostat HICP Italy all-items,https://fred.stlouisfed.org/series/CP0000ITM086NEST
2007-07-01,1.5942,70.1,YoY % from HICP index vs same month previous year,FRED CP0000ITM086NEST / Eurostat HICP Italy all-items,https://fred.stlouisfed.org/series/CP0000ITM086NEST
2007-08-01,1.5965,70.0,YoY % from HICP index vs same month previous year,FRED CP0000ITM086NEST / Eurostat HICP Italy all-items,https://fred.stlouisfed.org/series/CP0000ITM086NEST
2007-09-01,1.7316,70.5,YoY % from HICP index vs same month previous year,FRED CP0000ITM086NEST / Eurostat HICP Italy all-items,https://fred.stlouisfed.org/series/CP0000ITM086NEST
2007-10-01,2.3022,71.1,YoY % from HICP index vs same month previous year,FRED CP0000ITM086NEST / Eurostat HICP Italy all-items,https://fred.stlouisfed.org/series/CP0000ITM086NEST
2007-11-01,2.5899,71.3,YoY % from HICP index vs same month previous year,FRED CP0000ITM086NEST / Eurostat HICP Italy all-items,https://fred.stlouisfed.org/series/CP0000ITM086NEST
2007-12-01,2.8736,71.6,YoY % from HICP index vs same month previous year,FRED CP0000ITM086NEST / Eurostat HICP Italy all-items,https://fred.stlouisfed.org/series/CP0000ITM086NEST
2008-01-01,3.0479,71.0,YoY % from HICP index vs same month previous year,FRED CP0000ITM086NEST / Eurostat HICP Italy all-items,https://fred.stlouisfed.org/series/CP0000ITM086NEST
2008-02-01,3.1930,71.1,YoY % from HICP index vs same month previous year,FRED CP0000ITM086NEST / Eurostat HICP Italy all-items,https://fred.stlouisfed.org/series/CP0000ITM086NEST
2008-03-01,3.5868,72.2,YoY % from HICP index vs same month previous year,FRED CP0000ITM086NEST / Eurostat HICP Italy all-items,https://fred.stlouisfed.org/series/CP0000ITM086NEST
2008-04-01,3.5663,72.6,YoY % from HICP index vs same month previous year,FRED CP0000ITM086NEST / Eurostat HICP Italy all-items,https://fred.stlouisfed.org/series/CP0000ITM086NEST
2008-05-01,3.6932,73.0,YoY % from HICP index vs same month previous year,FRED CP0000ITM086NEST / Eurostat HICP Italy all-items,https://fred.stlouisfed.org/series/CP0000ITM086NEST
2008-06-01,3.9660,73.4,YoY % from HICP index vs same month previous year,FRED CP0000ITM086NEST / Eurostat HICP Italy all-items,https://fred.stlouisfed.org/series/CP0000ITM086NEST
2008-07-01,4.1369,73.0,YoY % from HICP index vs same month previous year,FRED CP0000ITM086NEST / Eurostat HICP Italy all-items,https://fred.stlouisfed.org/series/CP0000ITM086NEST
2008-08-01,4.2857,73.0,YoY % from HICP index vs same month previous year,FRED CP0000ITM086NEST / Eurostat HICP Italy all-items,https://fred.stlouisfed.org/series/CP0000ITM086NEST
2008-09-01,3.9716,73.3,YoY % from HICP index vs same month previous year,FRED CP0000ITM086NEST / Eurostat HICP Italy all-items,https://fred.stlouisfed.org/series/CP0000ITM086NEST
2008-10-01,3.5162,73.6,YoY % from HICP index vs same month previous year,FRED CP0000ITM086NEST / Eurostat HICP Italy all-items,https://fred.stlouisfed.org/series/CP0000ITM086NEST
2008-11-01,2.8050,73.3,YoY % from HICP index vs same month previous year,FRED CP0000ITM086NEST / Eurostat HICP Italy all-items,https://fred.stlouisfed.org/series/CP0000ITM086NEST
2008-12-01,2.3743,73.3,YoY % from HICP index vs same month previous year,FRED CP0000ITM086NEST / Eurostat HICP Italy all-items,https://fred.stlouisfed.org/series/CP0000ITM086NEST
2009-01-01,1.4085,72.0,YoY % from HICP index vs same month previous year,FRED CP0000ITM086NEST / Eurostat HICP Italy all-items,https://fred.stlouisfed.org/series/CP0000ITM086NEST
2009-02-01,1.4065,72.1,YoY % from HICP index vs same month previous year,FRED CP0000ITM086NEST / Eurostat HICP Italy all-items,https://fred.stlouisfed.org/series/CP0000ITM086NEST
2009-03-01,1.1080,73.0,YoY % from HICP index vs same month previous year,FRED CP0000ITM086NEST / Eurostat HICP Italy all-items,https://fred.stlouisfed.org/series/CP0000ITM086NEST
2009-04-01,1.2397,73.5,YoY % from HICP index vs same month previous year,FRED CP0000ITM086NEST / Eurostat HICP Italy all-items,https://fred.stlouisfed.org/series/CP0000ITM086NEST
2009-05-01,0.9589,73.7,YoY % from HICP index vs same month previous year,FRED CP0000ITM086NEST / Eurostat HICP Italy all-items,https://fred.stlouisfed.org/series/CP0000ITM086NEST
2009-06-01,0.5450,73.8,YoY % from HICP index vs same month previous year,FRED CP0000ITM086NEST / Eurostat HICP Italy all-items,https://fred.stlouisfed.org/series/CP0000ITM086NEST
2009-07-01,-0.1370,72.9,YoY % from HICP index vs same month previous year,FRED CP0000ITM086NEST / Eurostat HICP Italy all-items,https://fred.stlouisfed.org/series/CP0000ITM086NEST
2009-08-01,0.0000,73.0,YoY % from HICP index vs same month previous year,FRED CP0000ITM086NEST / Eurostat HICP Italy all-items,https://fred.stlouisfed.org/series/CP0000ITM086NEST
2009-09-01,0.4093,73.6,YoY % from HICP index vs same month previous year,FRED CP0000ITM086NEST / Eurostat HICP Italy all-items,https://fred.stlouisfed.org/series/CP0000ITM086NEST
2009-10-01,0.4076,73.9,YoY % from HICP index vs same month previous year,FRED CP0000ITM086NEST / Eurostat HICP Italy all-items,https://fred.stlouisfed.org/series/CP0000ITM086NEST
2009-11-01,0.8186,73.9,YoY % from HICP index vs same month previous year,FRED CP0000ITM086NEST / Eurostat HICP Italy all-items,https://fred.stlouisfed.org/series/CP0000ITM086NEST
2009-12-01,1.0914,74.1,YoY % from HICP index vs same month previous year,FRED CP0000ITM086NEST / Eurostat HICP Italy all-items,https://fred.stlouisfed.org/series/CP0000ITM086NEST
2010-01-01,1.3889,73.0,YoY % from HICP index vs same month previous year,FRED CP0000ITM086NEST / Eurostat HICP Italy all-items,https://fred.stlouisfed.org/series/CP0000ITM086NEST
2010-02-01,1.1096,72.9,YoY % from HICP index vs same month previous year,FRED CP0000ITM086NEST / Eurostat HICP Italy all-items,https://fred.stlouisfed.org/series/CP0000ITM086NEST
2010-03-01,1.3699,74.0,YoY % from HICP index vs same month previous year,FRED CP0000ITM086NEST / Eurostat HICP Italy all-items,https://fred.stlouisfed.org/series/CP0000ITM086NEST
2010-04-01,1.6327,74.7,YoY % from HICP index vs same month previous year,FRED CP0000ITM086NEST / Eurostat HICP Italy all-items,https://fred.stlouisfed.org/series/CP0000ITM086NEST
2010-05-01,1.4925,74.8,YoY % from HICP index vs same month previous year,FRED CP0000ITM086NEST / Eurostat HICP Italy all-items,https://fred.stlouisfed.org/series/CP0000ITM086NEST
2010-06-01,1.3550,74.8,YoY % from HICP index vs same month previous year,FRED CP0000ITM086NEST / Eurostat HICP Italy all-items,https://fred.stlouisfed.org/series/CP0000ITM086NEST
2010-07-01,1.7833,74.2,YoY % from HICP index vs same month previous year,FRED CP0000ITM086NEST / Eurostat HICP Italy all-items,https://fred.stlouisfed.org/series/CP0000ITM086NEST
2010-08-01,1.7808,74.3,YoY % from HICP index vs same month previous year,FRED CP0000ITM086NEST / Eurostat HICP Italy all-items,https://fred.stlouisfed.org/series/CP0000ITM086NEST
2010-09-01,1.6304,74.8,YoY % from HICP index vs same month previous year,FRED CP0000ITM086NEST / Eurostat HICP Italy all-items,https://fred.stlouisfed.org/series/CP0000ITM086NEST
2010-10-01,1.8945,75.3,YoY % from HICP index vs same month previous year,FRED CP0000ITM086NEST / Eurostat HICP Italy all-items,https://fred.stlouisfed.org/series/CP0000ITM086NEST
2010-11-01,1.8945,75.3,YoY % from HICP index vs same month previous year,FRED CP0000ITM086NEST / Eurostat HICP Italy all-items,https://fred.stlouisfed.org/series/CP0000ITM086NEST
2010-12-01,2.0243,75.6,YoY % from HICP index vs same month previous year,FRED CP0000ITM086NEST / Eurostat HICP Italy all-items,https://fred.stlouisfed.org/series/CP0000ITM086NEST
2011-01-01,1.9178,74.4,YoY % from HICP index vs same month previous year,FRED CP0000ITM086NEST / Eurostat HICP Italy all-items,https://fred.stlouisfed.org/series/CP0000ITM086NEST
2011-02-01,2.1948,74.5,YoY % from HICP index vs same month previous year,FRED CP0000ITM086NEST / Eurostat HICP Italy all-items,https://fred.stlouisfed.org/series/CP0000ITM086NEST
2011-03-01,2.8378,76.1,YoY % from HICP index vs same month previous year,FRED CP0000ITM086NEST / Eurostat HICP Italy all-items,https://fred.stlouisfed.org/series/CP0000ITM086NEST
2011-04-01,2.9451,76.9,YoY % from HICP index vs same month previous year,FRED CP0000ITM086NEST / Eurostat HICP Italy all-items,https://fred.stlouisfed.org/series/CP0000ITM086NEST
2011-05-01,2.9412,77.0,YoY % from HICP index vs same month previous year,FRED CP0000ITM086NEST / Eurostat HICP Italy all-items,https://fred.stlouisfed.org/series/CP0000ITM086NEST
2011-06-01,3.0749,77.1,YoY % from HICP index vs same month previous year,FRED CP0000ITM086NEST / Eurostat HICP Italy all-items,https://fred.stlouisfed.org/series/CP0000ITM086NEST
2011-07-01,2.0216,75.7,YoY % from HICP index vs same month previous year,FRED CP0000ITM086NEST / Eurostat HICP Italy all-items,https://fred.stlouisfed.org/series/CP0000ITM086NEST
2011-08-01,2.2880,76.0,YoY % from HICP index vs same month previous year,FRED CP0000ITM086NEST / Eurostat HICP Italy all-items,https://fred.stlouisfed.org/series/CP0000ITM086NEST
2011-09-01,3.6096,77.5,YoY % from HICP index vs same month previous year,FRED CP0000ITM086NEST / Eurostat HICP Italy all-items,https://fred.stlouisfed.org/series/CP0000ITM086NEST
2011-10-01,3.7185,78.1,YoY % from HICP index vs same month previous year,FRED CP0000ITM086NEST / Eurostat HICP Italy all-items,https://fred.stlouisfed.org/series/CP0000ITM086NEST
2011-11-01,3.7185,78.1,YoY % from HICP index vs same month previous year,FRED CP0000ITM086NEST / Eurostat HICP Italy all-items,https://fred.stlouisfed.org/series/CP0000ITM086NEST
2011-12-01,3.7037,78.4,YoY % from HICP index vs same month previous year,FRED CP0000ITM086NEST / Eurostat HICP Italy all-items,https://fred.stlouisfed.org/series/CP0000ITM086NEST
2012-01-01,3.4946,77.0,YoY % from HICP index vs same month previous year,FRED CP0000ITM086NEST / Eurostat HICP Italy all-items,https://fred.stlouisfed.org/series/CP0000ITM086NEST
2012-02-01,3.4899,77.1,YoY % from HICP index vs same month previous year,FRED CP0000ITM086NEST / Eurostat HICP Italy all-items,https://fred.stlouisfed.org/series/CP0000ITM086NEST
2012-03-01,3.8108,79.0,YoY % from HICP index vs same month previous year,FRED CP0000ITM086NEST / Eurostat HICP Italy all-items,https://fred.stlouisfed.org/series/CP0000ITM086NEST
2012-04-01,3.6411,79.7,YoY % from HICP index vs same month previous year,FRED CP0000ITM086NEST / Eurostat HICP Italy all-items,https://fred.stlouisfed.org/series/CP0000ITM086NEST
2012-05-01,3.5065,79.7,YoY % from HICP index vs same month previous year,FRED CP0000ITM086NEST / Eurostat HICP Italy all-items,https://fred.stlouisfed.org/series/CP0000ITM086NEST
2012-06-01,3.6316,79.9,YoY % from HICP index vs same month previous year,FRED CP0000ITM086NEST / Eurostat HICP Italy all-items,https://fred.stlouisfed.org/series/CP0000ITM086NEST
2012-07-01,3.6988,78.5,YoY % from HICP index vs same month previous year,FRED CP0000ITM086NEST / Eurostat HICP Italy all-items,https://fred.stlouisfed.org/series/CP0000ITM086NEST
2012-08-01,3.2895,78.5,YoY % from HICP index vs same month previous year,FRED CP0000ITM086NEST / Eurostat HICP Italy all-items,https://fred.stlouisfed.org/series/CP0000ITM086NEST
2012-09-01,3.3548,80.1,YoY % from HICP index vs same month previous year,FRED CP0000ITM086NEST / Eurostat HICP Italy all-items,https://fred.stlouisfed.org/series/CP0000ITM086NEST
2012-10-01,2.8169,80.3,YoY % from HICP index vs same month previous year,FRED CP0000ITM086NEST / Eurostat HICP Italy all-items,https://fred.stlouisfed.org/series/CP0000ITM086NEST
2012-11-01,2.5608,80.1,YoY % from HICP index vs same month previous year,FRED CP0000ITM086NEST / Eurostat HICP Italy all-items,https://fred.stlouisfed.org/series/CP0000ITM086NEST
2012-12-01,2.5510,80.4,YoY % from HICP index vs same month previous year,FRED CP0000ITM086NEST / Eurostat HICP Italy all-items,https://fred.stlouisfed.org/series/CP0000ITM086NEST
2013-01-01,2.3377,78.8,YoY % from HICP index vs same month previous year,FRED CP0000ITM086NEST / Eurostat HICP Italy all-items,https://fred.stlouisfed.org/series/CP0000ITM086NEST
2013-02-01,1.9455,78.6,YoY % from HICP index vs same month previous year,FRED CP0000ITM086NEST / Eurostat HICP Italy all-items,https://fred.stlouisfed.org/series/CP0000ITM086NEST
2013-03-01,1.7722,80.4,YoY % from HICP index vs same month previous year,FRED CP0000ITM086NEST / Eurostat HICP Italy all-items,https://fred.stlouisfed.org/series/CP0000ITM086NEST
2013-04-01,1.2547,80.7,YoY % from HICP index vs same month previous year,FRED CP0000ITM086NEST / Eurostat HICP Italy all-items,https://fred.stlouisfed.org/series/CP0000ITM086NEST
2013-05-01,1.2547,80.7,YoY % from HICP index vs same month previous year,FRED CP0000ITM086NEST / Eurostat HICP Italy all-items,https://fred.stlouisfed.org/series/CP0000ITM086NEST
2013-06-01,1.2516,80.9,YoY % from HICP index vs same month previous year,FRED CP0000ITM086NEST / Eurostat HICP Italy all-items,https://fred.stlouisfed.org/series/CP0000ITM086NEST
2013-07-01,1.1465,79.4,YoY % from HICP index vs same month previous year,FRED CP0000ITM086NEST / Eurostat HICP Italy all-items,https://fred.stlouisfed.org/series/CP0000ITM086NEST
2013-08-01,1.1465,79.4,YoY % from HICP index vs same month previous year,FRED CP0000ITM086NEST / Eurostat HICP Italy all-items,https://fred.stlouisfed.org/series/CP0000ITM086NEST
2013-09-01,0.9988,80.9,YoY % from HICP index vs same month previous year,FRED CP0000ITM086NEST / Eurostat HICP Italy all-items,https://fred.stlouisfed.org/series/CP0000ITM086NEST
2013-10-01,0.7472,80.9,YoY % from HICP index vs same month previous year,FRED CP0000ITM086NEST / Eurostat HICP Italy all-items,https://fred.stlouisfed.org/series/CP0000ITM086NEST
2013-11-01,0.6242,80.6,YoY % from HICP index vs same month previous year,FRED CP0000ITM086NEST / Eurostat HICP Italy all-items,https://fred.stlouisfed.org/series/CP0000ITM086NEST
2013-12-01,0.6219,80.9,YoY % from HICP index vs same month previous year,FRED CP0000ITM086NEST / Eurostat HICP Italy all-items,https://fred.stlouisfed.org/series/CP0000ITM086NEST
2014-01-01,0.5076,79.2,YoY % from HICP index vs same month previous year,FRED CP0000ITM086NEST / Eurostat HICP Italy all-items,https://fred.stlouisfed.org/series/CP0000ITM086NEST
2014-02-01,0.3817,78.9,YoY % from HICP index vs same month previous year,FRED CP0000ITM086NEST / Eurostat HICP Italy all-items,https://fred.stlouisfed.org/series/CP0000ITM086NEST
2014-03-01,0.3731,80.7,YoY % from HICP index vs same month previous year,FRED CP0000ITM086NEST / Eurostat HICP Italy all-items,https://fred.stlouisfed.org/series/CP0000ITM086NEST
2014-04-01,0.4957,81.1,YoY % from HICP index vs same month previous year,FRED CP0000ITM086NEST / Eurostat HICP Italy all-items,https://fred.stlouisfed.org/series/CP0000ITM086NEST
2014-05-01,0.3717,81.0,YoY % from HICP index vs same month previous year,FRED CP0000ITM086NEST / Eurostat HICP Italy all-items,https://fred.stlouisfed.org/series/CP0000ITM086NEST
2014-06-01,0.2472,81.1,YoY % from HICP index vs same month previous year,FRED CP0000ITM086NEST / Eurostat HICP Italy all-items,https://fred.stlouisfed.org/series/CP0000ITM086NEST
2014-07-01,0.0000,79.4,YoY % from HICP index vs same month previous year,FRED CP0000ITM086NEST / Eurostat HICP Italy all-items,https://fred.stlouisfed.org/series/CP0000ITM086NEST
2014-08-01,-0.1259,79.3,YoY % from HICP index vs same month previous year,FRED CP0000ITM086NEST / Eurostat HICP Italy all-items,https://fred.stlouisfed.org/series/CP0000ITM086NEST
2014-09-01,-0.1236,80.8,YoY % from HICP index vs same month previous year,FRED CP0000ITM086NEST / Eurostat HICP Italy all-items,https://fred.stlouisfed.org/series/CP0000ITM086NEST
2014-10-01,0.1236,81.0,YoY % from HICP index vs same month previous year,FRED CP0000ITM086NEST / Eurostat HICP Italy all-items,https://fred.stlouisfed.org/series/CP0000ITM086NEST
2014-11-01,0.2481,80.8,YoY % from HICP index vs same month previous year,FRED CP0000ITM086NEST / Eurostat HICP Italy all-items,https://fred.stlouisfed.org/series/CP0000ITM086NEST
2014-12-01,-0.1236,80.8,YoY % from HICP index vs same month previous year,FRED CP0000ITM086NEST / Eurostat HICP Italy all-items,https://fred.stlouisfed.org/series/CP0000ITM086NEST
2015-01-01,-0.3788,78.9,YoY % from HICP index vs same month previous year,FRED CP0000ITM086NEST / Eurostat HICP Italy all-items,https://fred.stlouisfed.org/series/CP0000ITM086NEST
2015-02-01,0.1267,79.0,YoY % from HICP index vs same month previous year,FRED CP0000ITM086NEST / Eurostat HICP Italy all-items,https://fred.stlouisfed.org/series/CP0000ITM086NEST
2015-03-01,0.0000,80.7,YoY % from HICP index vs same month previous year,FRED CP0000ITM086NEST / Eurostat HICP Italy all-items,https://fred.stlouisfed.org/series/CP0000ITM086NEST
2015-04-01,0.0000,81.1,YoY % from HICP index vs same month previous year,FRED CP0000ITM086NEST / Eurostat HICP Italy all-items,https://fred.stlouisfed.org/series/CP0000ITM086NEST
2015-05-01,0.2469,81.2,YoY % from HICP index vs same month previous year,FRED CP0000ITM086NEST / Eurostat HICP Italy all-items,https://fred.stlouisfed.org/series/CP0000ITM086NEST
2015-06-01,0.2466,81.3,YoY % from HICP index vs same month previous year,FRED CP0000ITM086NEST / Eurostat HICP Italy all-items,https://fred.stlouisfed.org/series/CP0000ITM086NEST
2015-07-01,0.3778,79.7,YoY % from HICP index vs same month previous year,FRED CP0000ITM086NEST / Eurostat HICP Italy all-items,https://fred.stlouisfed.org/series/CP0000ITM086NEST
2015-08-01,0.3783,79.6,YoY % from HICP index vs same month previous year,FRED CP0000ITM086NEST / Eurostat HICP Italy all-items,https://fred.stlouisfed.org/series/CP0000ITM086NEST
2015-09-01,0.1238,80.9,YoY % from HICP index vs same month previous year,FRED CP0000ITM086NEST / Eurostat HICP Italy all-items,https://fred.stlouisfed.org/series/CP0000ITM086NEST
2015-10-01,0.3704,81.3,YoY % from HICP index vs same month previous year,FRED CP0000ITM086NEST / Eurostat HICP Italy all-items,https://fred.stlouisfed.org/series/CP0000ITM086NEST
2015-11-01,0.2475,81.0,YoY % from HICP index vs same month previous year,FRED CP0000ITM086NEST / Eurostat HICP Italy all-items,https://fred.stlouisfed.org/series/CP0000ITM086NEST
2015-12-01,0.1238,80.9,YoY % from HICP index vs same month previous year,FRED CP0000ITM086NEST / Eurostat HICP Italy all-items,https://fred.stlouisfed.org/series/CP0000ITM086NEST
2016-01-01,0.3802,79.2,YoY % from HICP index vs same month previous year,FRED CP0000ITM086NEST / Eurostat HICP Italy all-items,https://fred.stlouisfed.org/series/CP0000ITM086NEST
2016-02-01,-0.2532,78.8,YoY % from HICP index vs same month previous year,FRED CP0000ITM086NEST / Eurostat HICP Italy all-items,https://fred.stlouisfed.org/series/CP0000ITM086NEST
2016-03-01,-0.2478,80.5,YoY % from HICP index vs same month previous year,FRED CP0000ITM086NEST / Eurostat HICP Italy all-items,https://fred.stlouisfed.org/series/CP0000ITM086NEST
2016-04-01,-0.4932,80.7,YoY % from HICP index vs same month previous year,FRED CP0000ITM086NEST / Eurostat HICP Italy all-items,https://fred.stlouisfed.org/series/CP0000ITM086NEST
2016-05-01,-0.3695,80.9,YoY % from HICP index vs same month previous year,FRED CP0000ITM086NEST / Eurostat HICP Italy all-items,https://fred.stlouisfed.org/series/CP0000ITM086NEST
2016-06-01,-0.2460,81.1,YoY % from HICP index vs same month previous year,FRED CP0000ITM086NEST / Eurostat HICP Italy all-items,https://fred.stlouisfed.org/series/CP0000ITM086NEST
2016-07-01,-0.1255,79.6,YoY % from HICP index vs same month previous year,FRED CP0000ITM086NEST / Eurostat HICP Italy all-items,https://fred.stlouisfed.org/series/CP0000ITM086NEST
2016-08-01,-0.1256,79.5,YoY % from HICP index vs same month previous year,FRED CP0000ITM086NEST / Eurostat HICP Italy all-items,https://fred.stlouisfed.org/series/CP0000ITM086NEST
2016-09-01,0.1236,81.0,YoY % from HICP index vs same month previous year,FRED CP0000ITM086NEST / Eurostat HICP Italy all-items,https://fred.stlouisfed.org/series/CP0000ITM086NEST
2016-10-01,-0.1230,81.2,YoY % from HICP index vs same month previous year,FRED CP0000ITM086NEST / Eurostat HICP Italy all-items,https://fred.stlouisfed.org/series/CP0000ITM086NEST
2016-11-01,0.1235,81.1,YoY % from HICP index vs same month previous year,FRED CP0000ITM086NEST / Eurostat HICP Italy all-items,https://fred.stlouisfed.org/series/CP0000ITM086NEST
2016-12-01,0.6180,81.4,YoY % from HICP index vs same month previous year,FRED CP0000ITM086NEST / Eurostat HICP Italy all-items,https://fred.stlouisfed.org/series/CP0000ITM086NEST
2017-01-01,1.0101,80.0,YoY % from HICP index vs same month previous year,FRED CP0000ITM086NEST / Eurostat HICP Italy all-items,https://fred.stlouisfed.org/series/CP0000ITM086NEST
2017-02-01,1.6497,80.1,YoY % from HICP index vs same month previous year,FRED CP0000ITM086NEST / Eurostat HICP Italy all-items,https://fred.stlouisfed.org/series/CP0000ITM086NEST
2017-03-01,1.4907,81.7,YoY % from HICP index vs same month previous year,FRED CP0000ITM086NEST / Eurostat HICP Italy all-items,https://fred.stlouisfed.org/series/CP0000ITM086NEST
2017-04-01,1.9827,82.3,YoY % from HICP index vs same month previous year,FRED CP0000ITM086NEST / Eurostat HICP Italy all-items,https://fred.stlouisfed.org/series/CP0000ITM086NEST
2017-05-01,1.6069,82.2,YoY % from HICP index vs same month previous year,FRED CP0000ITM086NEST / Eurostat HICP Italy all-items,https://fred.stlouisfed.org/series/CP0000ITM086NEST
2017-06-01,1.2330,82.1,YoY % from HICP index vs same month previous year,FRED CP0000ITM086NEST / Eurostat HICP Italy all-items,https://fred.stlouisfed.org/series/CP0000ITM086NEST
2017-07-01,1.1307,80.5,YoY % from HICP index vs same month previous year,FRED CP0000ITM086NEST / Eurostat HICP Italy all-items,https://fred.stlouisfed.org/series/CP0000ITM086NEST
2017-08-01,1.3836,80.6,YoY % from HICP index vs same month previous year,FRED CP0000ITM086NEST / Eurostat HICP Italy all-items,https://fred.stlouisfed.org/series/CP0000ITM086NEST
2017-09-01,1.3580,82.1,YoY % from HICP index vs same month previous year,FRED CP0000ITM086NEST / Eurostat HICP Italy all-items,https://fred.stlouisfed.org/series/CP0000ITM086NEST
2017-10-01,1.1084,82.1,YoY % from HICP index vs same month previous year,FRED CP0000ITM086NEST / Eurostat HICP Italy all-items,https://fred.stlouisfed.org/series/CP0000ITM086NEST
2017-11-01,0.9864,81.9,YoY % from HICP index vs same month previous year,FRED CP0000ITM086NEST / Eurostat HICP Italy all-items,https://fred.stlouisfed.org/series/CP0000ITM086NEST
2017-12-01,0.9828,82.2,YoY % from HICP index vs same month previous year,FRED CP0000ITM086NEST / Eurostat HICP Italy all-items,https://fred.stlouisfed.org/series/CP0000ITM086NEST
2018-01-01,1.1250,80.9,YoY % from HICP index vs same month previous year,FRED CP0000ITM086NEST / Eurostat HICP Italy all-items,https://fred.stlouisfed.org/series/CP0000ITM086NEST
2018-02-01,0.6242,80.6,YoY % from HICP index vs same month previous year,FRED CP0000ITM086NEST / Eurostat HICP Italy all-items,https://fred.stlouisfed.org/series/CP0000ITM086NEST
2018-03-01,0.8568,82.4,YoY % from HICP index vs same month previous year,FRED CP0000ITM086NEST / Eurostat HICP Italy all-items,https://fred.stlouisfed.org/series/CP0000ITM086NEST
2018-04-01,0.6075,82.8,YoY % from HICP index vs same month previous year,FRED CP0000ITM086NEST / Eurostat HICP Italy all-items,https://fred.stlouisfed.org/series/CP0000ITM086NEST
2018-05-01,0.9732,83.0,YoY % from HICP index vs same month previous year,FRED CP0000ITM086NEST / Eurostat HICP Italy all-items,https://fred.stlouisfed.org/series/CP0000ITM086NEST
2018-06-01,1.3398,83.2,YoY % from HICP index vs same month previous year,FRED CP0000ITM086NEST / Eurostat HICP Italy all-items,https://fred.stlouisfed.org/series/CP0000ITM086NEST
2018-07-01,1.9876,82.1,YoY % from HICP index vs same month previous year,FRED CP0000ITM086NEST / Eurostat HICP Italy all-items,https://fred.stlouisfed.org/series/CP0000ITM086NEST
2018-08-01,1.6129,81.9,YoY % from HICP index vs same month previous year,FRED CP0000ITM086NEST / Eurostat HICP Italy all-items,https://fred.stlouisfed.org/series/CP0000ITM086NEST
2018-09-01,1.4616,83.3,YoY % from HICP index vs same month previous year,FRED CP0000ITM086NEST / Eurostat HICP Italy all-items,https://fred.stlouisfed.org/series/CP0000ITM086NEST
2018-10-01,1.5834,83.4,YoY % from HICP index vs same month previous year,FRED CP0000ITM086NEST / Eurostat HICP Italy all-items,https://fred.stlouisfed.org/series/CP0000ITM086NEST
2018-11-01,1.5873,83.2,YoY % from HICP index vs same month previous year,FRED CP0000ITM086NEST / Eurostat HICP Italy all-items,https://fred.stlouisfed.org/series/CP0000ITM086NEST
2018-12-01,1.0949,83.1,YoY % from HICP index vs same month previous year,FRED CP0000ITM086NEST / Eurostat HICP Italy all-items,https://fred.stlouisfed.org/series/CP0000ITM086NEST
2019-01-01,0.9889,81.7,YoY % from HICP index vs same month previous year,FRED CP0000ITM086NEST / Eurostat HICP Italy all-items,https://fred.stlouisfed.org/series/CP0000ITM086NEST
2019-02-01,1.1166,81.5,YoY % from HICP index vs same month previous year,FRED CP0000ITM086NEST / Eurostat HICP Italy all-items,https://fred.stlouisfed.org/series/CP0000ITM086NEST
2019-03-01,1.0922,83.3,YoY % from HICP index vs same month previous year,FRED CP0000ITM086NEST / Eurostat HICP Italy all-items,https://fred.stlouisfed.org/series/CP0000ITM086NEST
2019-04-01,1.0870,83.7,YoY % from HICP index vs same month previous year,FRED CP0000ITM086NEST / Eurostat HICP Italy all-items,https://fred.stlouisfed.org/series/CP0000ITM086NEST
2019-05-01,0.9639,83.8,YoY % from HICP index vs same month previous year,FRED CP0000ITM086NEST / Eurostat HICP Italy all-items,https://fred.stlouisfed.org/series/CP0000ITM086NEST
2019-06-01,0.7212,83.8,YoY % from HICP index vs same month previous year,FRED CP0000ITM086NEST / Eurostat HICP Italy all-items,https://fred.stlouisfed.org/series/CP0000ITM086NEST
2019-07-01,0.2436,82.3,YoY % from HICP index vs same month previous year,FRED CP0000ITM086NEST / Eurostat HICP Italy all-items,https://fred.stlouisfed.org/series/CP0000ITM086NEST
2019-08-01,0.4884,82.3,YoY % from HICP index vs same month previous year,FRED CP0000ITM086NEST / Eurostat HICP Italy all-items,https://fred.stlouisfed.org/series/CP0000ITM086NEST
2019-09-01,0.2401,83.5,YoY % from HICP index vs same month previous year,FRED CP0000ITM086NEST / Eurostat HICP Italy all-items,https://fred.stlouisfed.org/series/CP0000ITM086NEST
2019-10-01,0.2398,83.6,YoY % from HICP index vs same month previous year,FRED CP0000ITM086NEST / Eurostat HICP Italy all-items,https://fred.stlouisfed.org/series/CP0000ITM086NEST
2019-11-01,0.2404,83.4,YoY % from HICP index vs same month previous year,FRED CP0000ITM086NEST / Eurostat HICP Italy all-items,https://fred.stlouisfed.org/series/CP0000ITM086NEST
2019-12-01,0.4813,83.5,YoY % from HICP index vs same month previous year,FRED CP0000ITM086NEST / Eurostat HICP Italy all-items,https://fred.stlouisfed.org/series/CP0000ITM086NEST
2020-01-01,0.3672,82.0,YoY % from HICP index vs same month previous year,FRED CP0000ITM086NEST / Eurostat HICP Italy all-items,https://fred.stlouisfed.org/series/CP0000ITM086NEST
2020-02-01,0.1227,81.6,YoY % from HICP index vs same month previous year,FRED CP0000ITM086NEST / Eurostat HICP Italy all-items,https://fred.stlouisfed.org/series/CP0000ITM086NEST
2020-03-01,0.1200,83.4,YoY % from HICP index vs same month previous year,FRED CP0000ITM086NEST / Eurostat HICP Italy all-items,https://fred.stlouisfed.org/series/CP0000ITM086NEST
2020-04-01,0.1195,83.8,YoY % from HICP index vs same month previous year,FRED CP0000ITM086NEST / Eurostat HICP Italy all-items,https://fred.stlouisfed.org/series/CP0000ITM086NEST
2020-05-01,-0.3580,83.5,YoY % from HICP index vs same month previous year,FRED CP0000ITM086NEST / Eurostat HICP Italy all-items,https://fred.stlouisfed.org/series/CP0000ITM086NEST
2020-06-01,-0.3580,83.5,YoY % from HICP index vs same month previous year,FRED CP0000ITM086NEST / Eurostat HICP Italy all-items,https://fred.stlouisfed.org/series/CP0000ITM086NEST
2020-07-01,0.7290,82.9,YoY % from HICP index vs same month previous year,FRED CP0000ITM086NEST / Eurostat HICP Italy all-items,https://fred.stlouisfed.org/series/CP0000ITM086NEST
2020-08-01,-0.4860,81.9,YoY % from HICP index vs same month previous year,FRED CP0000ITM086NEST / Eurostat HICP Italy all-items,https://fred.stlouisfed.org/series/CP0000ITM086NEST
2020-09-01,-1.0778,82.6,YoY % from HICP index vs same month previous year,FRED CP0000ITM086NEST / Eurostat HICP Italy all-items,https://fred.stlouisfed.org/series/CP0000ITM086NEST
2020-10-01,-0.5981,83.1,YoY % from HICP index vs same month previous year,FRED CP0000ITM086NEST / Eurostat HICP Italy all-items,https://fred.stlouisfed.org/series/CP0000ITM086NEST
2020-11-01,-0.3597,83.1,YoY % from HICP index vs same month previous year,FRED CP0000ITM086NEST / Eurostat HICP Italy all-items,https://fred.stlouisfed.org/series/CP0000ITM086NEST
2020-12-01,-0.2395,83.3,YoY % from HICP index vs same month previous year,FRED CP0000ITM086NEST / Eurostat HICP Italy all-items,https://fred.stlouisfed.org/series/CP0000ITM086NEST
2021-01-01,0.7317,82.6,YoY % from HICP index vs same month previous year,FRED CP0000ITM086NEST / Eurostat HICP Italy all-items,https://fred.stlouisfed.org/series/CP0000ITM086NEST
2021-02-01,0.9804,82.4,YoY % from HICP index vs same month previous year,FRED CP0000ITM086NEST / Eurostat HICP Italy all-items,https://fred.stlouisfed.org/series/CP0000ITM086NEST
2021-03-01,0.4796,83.8,YoY % from HICP index vs same month previous year,FRED CP0000ITM086NEST / Eurostat HICP Italy all-items,https://fred.stlouisfed.org/series/CP0000ITM086NEST
2021-04-01,0.8353,84.5,YoY % from HICP index vs same month previous year,FRED CP0000ITM086NEST / Eurostat HICP Italy all-items,https://fred.stlouisfed.org/series/CP0000ITM086NEST
2021-05-01,1.1976,84.5,YoY % from HICP index vs same month previous year,FRED CP0000ITM086NEST / Eurostat HICP Italy all-items,https://fred.stlouisfed.org/series/CP0000ITM086NEST
2021-06-01,1.3174,84.6,YoY % from HICP index vs same month previous year,FRED CP0000ITM086NEST / Eurostat HICP Italy all-items,https://fred.stlouisfed.org/series/CP0000ITM086NEST
2021-07-01,1.0856,83.8,YoY % from HICP index vs same month previous year,FRED CP0000ITM086NEST / Eurostat HICP Italy all-items,https://fred.stlouisfed.org/series/CP0000ITM086NEST
2021-08-01,2.4420,83.9,YoY % from HICP index vs same month previous year,FRED CP0000ITM086NEST / Eurostat HICP Italy all-items,https://fred.stlouisfed.org/series/CP0000ITM086NEST
2021-09-01,2.9056,85.0,YoY % from HICP index vs same month previous year,FRED CP0000ITM086NEST / Eurostat HICP Italy all-items,https://fred.stlouisfed.org/series/CP0000ITM086NEST
2021-10-01,3.2491,85.8,YoY % from HICP index vs same month previous year,FRED CP0000ITM086NEST / Eurostat HICP Italy all-items,https://fred.stlouisfed.org/series/CP0000ITM086NEST
2021-11-01,3.9711,86.4,YoY % from HICP index vs same month previous year,FRED CP0000ITM086NEST / Eurostat HICP Italy all-items,https://fred.stlouisfed.org/series/CP0000ITM086NEST
2021-12-01,4.2017,86.8,YoY % from HICP index vs same month previous year,FRED CP0000ITM086NEST / Eurostat HICP Italy all-items,https://fred.stlouisfed.org/series/CP0000ITM086NEST
2022-01-01,4.9637,86.7,YoY % from HICP index vs same month previous year,FRED CP0000ITM086NEST / Eurostat HICP Italy all-items,https://fred.stlouisfed.org/series/CP0000ITM086NEST
2022-02-01,6.1893,87.5,YoY % from HICP index vs same month previous year,FRED CP0000ITM086NEST / Eurostat HICP Italy all-items,https://fred.stlouisfed.org/series/CP0000ITM086NEST
2022-03-01,6.9212,89.6,YoY % from HICP index vs same month previous year,FRED CP0000ITM086NEST / Eurostat HICP Italy all-items,https://fred.stlouisfed.org/series/CP0000ITM086NEST
2022-04-01,6.3905,89.9,YoY % from HICP index vs same month previous year,FRED CP0000ITM086NEST / Eurostat HICP Italy all-items,https://fred.stlouisfed.org/series/CP0000ITM086NEST
2022-05-01,7.3373,90.7,YoY % from HICP index vs same month previous year,FRED CP0000ITM086NEST / Eurostat HICP Italy all-items,https://fred.stlouisfed.org/series/CP0000ITM086NEST
2022-06-01,8.5106,91.8,YoY % from HICP index vs same month previous year,FRED CP0000ITM086NEST / Eurostat HICP Italy all-items,https://fred.stlouisfed.org/series/CP0000ITM086NEST
2022-07-01,8.3532,90.8,YoY % from HICP index vs same month previous year,FRED CP0000ITM086NEST / Eurostat HICP Italy all-items,https://fred.stlouisfed.org/series/CP0000ITM086NEST
2022-08-01,9.0584,91.5,YoY % from HICP index vs same month previous year,FRED CP0000ITM086NEST / Eurostat HICP Italy all-items,https://fred.stlouisfed.org/series/CP0000ITM086NEST
2022-09-01,9.5294,93.1,YoY % from HICP index vs same month previous year,FRED CP0000ITM086NEST / Eurostat HICP Italy all-items,https://fred.stlouisfed.org/series/CP0000ITM086NEST
2022-10-01,12.5874,96.6,YoY % from HICP index vs same month previous year,FRED CP0000ITM086NEST / Eurostat HICP Italy all-items,https://fred.stlouisfed.org/series/CP0000ITM086NEST
2022-11-01,12.5000,97.2,YoY % from HICP index vs same month previous year,FRED CP0000ITM086NEST / Eurostat HICP Italy all-items,https://fred.stlouisfed.org/series/CP0000ITM086NEST
2022-12-01,12.2120,97.4,YoY % from HICP index vs same month previous year,FRED CP0000ITM086NEST / Eurostat HICP Italy all-items,https://fred.stlouisfed.org/series/CP0000ITM086NEST
2023-01-01,10.7266,96.0,YoY % from HICP index vs same month previous year,FRED CP0000ITM086NEST / Eurostat HICP Italy all-items,https://fred.stlouisfed.org/series/CP0000ITM086NEST
2023-02-01,9.8286,96.1,YoY % from HICP index vs same month previous year,FRED CP0000ITM086NEST / Eurostat HICP Italy all-items,https://fred.stlouisfed.org/series/CP0000ITM086NEST
2023-03-01,8.0357,96.8,YoY % from HICP index vs same month previous year,FRED CP0000ITM086NEST / Eurostat HICP Italy all-items,https://fred.stlouisfed.org/series/CP0000ITM086NEST
2023-04-01,8.5651,97.6,YoY % from HICP index vs same month previous year,FRED CP0000ITM086NEST / Eurostat HICP Italy all-items,https://fred.stlouisfed.org/series/CP0000ITM086NEST
2023-05-01,8.0485,98.0,YoY % from HICP index vs same month previous year,FRED CP0000ITM086NEST / Eurostat HICP Italy all-items,https://fred.stlouisfed.org/series/CP0000ITM086NEST
2023-06-01,6.7538,98.0,YoY % from HICP index vs same month previous year,FRED CP0000ITM086NEST / Eurostat HICP Italy all-items,https://fred.stlouisfed.org/series/CP0000ITM086NEST
2023-07-01,6.2775,96.5,YoY % from HICP index vs same month previous year,FRED CP0000ITM086NEST / Eurostat HICP Italy all-items,https://fred.stlouisfed.org/series/CP0000ITM086NEST
2023-08-01,5.5738,96.6,YoY % from HICP index vs same month previous year,FRED CP0000ITM086NEST / Eurostat HICP Italy all-items,https://fred.stlouisfed.org/series/CP0000ITM086NEST
2023-09-01,5.5854,98.3,YoY % from HICP index vs same month previous year,FRED CP0000ITM086NEST / Eurostat HICP Italy all-items,https://fred.stlouisfed.org/series/CP0000ITM086NEST
2023-10-01,1.7598,98.3,YoY % from HICP index vs same month previous year,FRED CP0000ITM086NEST / Eurostat HICP Italy all-items,https://fred.stlouisfed.org/series/CP0000ITM086NEST
2023-11-01,0.6173,97.8,YoY % from HICP index vs same month previous year,FRED CP0000ITM086NEST / Eurostat HICP Italy all-items,https://fred.stlouisfed.org/series/CP0000ITM086NEST
2023-12-01,0.6160,98.0,YoY % from HICP index vs same month previous year,FRED CP0000ITM086NEST / Eurostat HICP Italy all-items,https://fred.stlouisfed.org/series/CP0000ITM086NEST
2024-01-01,0.9375,96.9,YoY % from HICP index vs same month previous year,FRED CP0000ITM086NEST / Eurostat HICP Italy all-items,https://fred.stlouisfed.org/series/CP0000ITM086NEST
2024-02-01,0.8325,96.9,YoY % from HICP index vs same month previous year,FRED CP0000ITM086NEST / Eurostat HICP Italy all-items,https://fred.stlouisfed.org/series/CP0000ITM086NEST
2024-03-01,1.2397,98.0,YoY % from HICP index vs same month previous year,FRED CP0000ITM086NEST / Eurostat HICP Italy all-items,https://fred.stlouisfed.org/series/CP0000ITM086NEST
2024-04-01,0.9221,98.5,YoY % from HICP index vs same month previous year,FRED CP0000ITM086NEST / Eurostat HICP Italy all-items,https://fred.stlouisfed.org/series/CP0000ITM086NEST
2024-05-01,0.7143,98.7,YoY % from HICP index vs same month previous year,FRED CP0000ITM086NEST / Eurostat HICP Italy all-items,https://fred.stlouisfed.org/series/CP0000ITM086NEST
2024-06-01,0.9184,98.9,YoY % from HICP index vs same month previous year,FRED CP0000ITM086NEST / Eurostat HICP Italy all-items,https://fred.stlouisfed.org/series/CP0000ITM086NEST
2024-07-01,1.5544,98.0,YoY % from HICP index vs same month previous year,FRED CP0000ITM086NEST / Eurostat HICP Italy all-items,https://fred.stlouisfed.org/series/CP0000ITM086NEST
2024-08-01,1.3458,97.9,YoY % from HICP index vs same month previous year,FRED CP0000ITM086NEST / Eurostat HICP Italy all-items,https://fred.stlouisfed.org/series/CP0000ITM086NEST
2024-09-01,0.7121,99.0,YoY % from HICP index vs same month previous year,FRED CP0000ITM086NEST / Eurostat HICP Italy all-items,https://fred.stlouisfed.org/series/CP0000ITM086NEST
2024-10-01,1.0173,99.3,YoY % from HICP index vs same month previous year,FRED CP0000ITM086NEST / Eurostat HICP Italy all-items,https://fred.stlouisfed.org/series/CP0000ITM086NEST
2024-11-01,1.4315,99.2,YoY % from HICP index vs same month previous year,FRED CP0000ITM086NEST / Eurostat HICP Italy all-items,https://fred.stlouisfed.org/series/CP0000ITM086NEST
2024-12-01,1.3265,99.3,YoY % from HICP index vs same month previous year,FRED CP0000ITM086NEST / Eurostat HICP Italy all-items,https://fred.stlouisfed.org/series/CP0000ITM086NEST
2025-01-01,1.6512,98.5,YoY % from HICP index vs same month previous year,FRED CP0000ITM086NEST / Eurostat HICP Italy all-items,https://fred.stlouisfed.org/series/CP0000ITM086NEST
2025-02-01,1.6512,98.5,YoY % from HICP index vs same month previous year,FRED CP0000ITM086NEST / Eurostat HICP Italy all-items,https://fred.stlouisfed.org/series/CP0000ITM086NEST
2025-03-01,2.1429,100.1,YoY % from HICP index vs same month previous year,FRED CP0000ITM086NEST / Eurostat HICP Italy all-items,https://fred.stlouisfed.org/series/CP0000ITM086NEST
2025-04-01,2.0305,100.5,YoY % from HICP index vs same month previous year,FRED CP0000ITM086NEST / Eurostat HICP Italy all-items,https://fred.stlouisfed.org/series/CP0000ITM086NEST
2025-05-01,1.7224,100.4,YoY % from HICP index vs same month previous year,FRED CP0000ITM086NEST / Eurostat HICP Italy all-items,https://fred.stlouisfed.org/series/CP0000ITM086NEST
2025-06-01,1.7189,100.6,YoY % from HICP index vs same month previous year,FRED CP0000ITM086NEST / Eurostat HICP Italy all-items,https://fred.stlouisfed.org/series/CP0000ITM086NEST
2025-07-01,1.7347,99.7,YoY % from HICP index vs same month previous year,FRED CP0000ITM086NEST / Eurostat HICP Italy all-items,https://fred.stlouisfed.org/series/CP0000ITM086NEST
2025-08-01,1.6343,99.5,YoY % from HICP index vs same month previous year,FRED CP0000ITM086NEST / Eurostat HICP Italy all-items,https://fred.stlouisfed.org/series/CP0000ITM086NEST
2025-09-01,1.7172,100.7,YoY % from HICP index vs same month previous year,FRED CP0000ITM086NEST / Eurostat HICP Italy all-items,https://fred.stlouisfed.org/series/CP0000ITM086NEST
2025-10-01,1.3092,100.6,YoY % from HICP index vs same month previous year,FRED CP0000ITM086NEST / Eurostat HICP Italy all-items,https://fred.stlouisfed.org/series/CP0000ITM086NEST
2025-11-01,1.1089,100.3,YoY % from HICP index vs same month previous year,FRED CP0000ITM086NEST / Eurostat HICP Italy all-items,https://fred.stlouisfed.org/series/CP0000ITM086NEST
2025-12-01,1.2085,100.5,YoY % from HICP index vs same month previous year,FRED CP0000ITM086NEST / Eurostat HICP Italy all-items,https://fred.stlouisfed.org/series/CP0000ITM086NEST
2026-01-01,1.0152,99.5,YoY % from HICP index vs same month previous year,FRED CP0000ITM086NEST / Eurostat HICP Italy all-items,https://fred.stlouisfed.org/series/CP0000ITM086NEST
2026-02-01,1.5228,100.0,YoY % from HICP index vs same month previous year,FRED CP0000ITM086NEST / Eurostat HICP Italy all-items,https://fred.stlouisfed.org/series/CP0000ITM086NEST
2026-03-01,1.5984,101.7,YoY % from HICP index vs same month previous year,FRED CP0000ITM086NEST / Eurostat HICP Italy all-items,https://fred.stlouisfed.org/series/CP0000ITM086NEST
2026-04-01,2.7861,103.3,YoY % from HICP index vs same month previous year,FRED CP0000ITM086NEST / Eurostat HICP Italy all-items,https://fred.stlouisfed.org/series/CP0000ITM086NEST
